kernel,matrix_size,time,tflops,relative_perf
0,4096,0.000215,638.123108,0.000000
3,4096,0.000330,416.471588,-34.734917
