kernel,matrix_size,time,tflops,relative_perf
0,4096,0.000216,637.235474,0.000000
3,4096,0.000331,415.358948,-34.818607
