kernel,matrix_size,time,tflops,relative_perf
0,8192,0.001702,645.962952,0.000000
3,8192,0.002637,416.978241,-35.448582
