kernel,matrix_size,time,tflops,relative_perf
0,4096,0.000215,638.312805,0.000000
3,4096,0.000330,416.168915,-34.801727
