kernel,matrix_size,time,tflops,relative_perf
0,4096,0.000215,638.289062,0.000000
3,4096,0.000331,414.832397,-35.008694
