kernel,matrix_size,time,tflops,relative_perf
0,4096,0.000215,638.111206,0.000000
11,4096,0.000209,657.804077,3.086114
