kernel,matrix_size,time,tflops,relative_perf
0,8192,0.001699,647.007507,0.000000
11,8192,0.001635,672.497314,3.939641
