kernel,matrix_size,time,tflops,relative_perf
0,8192,0.001702,646.063171,0.000000
11,8192,0.001633,673.246826,4.207587
