kernel,matrix_size,time,tflops,relative_perf
0,4096,0.000216,637.401001,0.000000
6,4096,0.000241,569.114807,-10.713225
